Addicting Games,addictinggames.com,
Agame,agame.com,
Alfy,alfy.com,
ArcadePod,arcadepod.com,
ArcadeStreet,arcadestreet.com,
Armor Games,armorgames.com,
Battle.net,battlenet.com,
Big Fish Games,bigfishgames.com,
Blizzard Entertainment,blizzard.com,
CandyStand,candystand.com,
Chess.com,chess.com,
Discord,discord.com,discord.gg
Epic Games,epicgames.com,
FreeOnlineGames,freeonlinegames.com,
FreeWebArcade,freewebarcade.com,
GameFAQs,gamefaqs.com,
GameSpot,gamespot.com,
Games.com,games.com,
Good Old Games,gog.com,
IGN,ign.com,
itch.io,itch.io,
King,king.com,
Kongregate,kongregate.com,
Kotaku,kotaku.com,
Miniclip,miniclip.com,
MMORPG.com,mmorpg.com,
Neopets,neopets.com,
Newgrounds,newgrounds.com,
Origin,origin.com,
PlayStation Network,playstation.com,
Pogo,pogo.com,
Roblox,roblox.com,
Shockwave,shockwave.com,
Steam,steam.com,steampowered.com
Twitch,twitch.tv,
Xbox,xbox.com,
Y8,y8.com,
Yahoo Games,yahoo.com/games,