Amazon,amazon.com
Anthropologie,anthropologie.com
Apple,apple.com
ASOS,asos.com
Backcountry,backcountry.com
Barnes & Noble,barnesandnoble.com
Bed Bath & Beyond,bedbathandbeyond.com
Best Buy,bestbuy.com
Bloomingdale's,bloomingdales.com
Costco,costco.com
Dick's Sporting Goods,dickssportinggoods.com
eBay,ebay.com
Etsy,etsy.com
Gap,gap.com
Gymshark,gymshark.com
H&M,hm.com
Home Depot,homedepot.com
IKEA,ikea.com
J.Crew,jcrew.com
Kohl's,kohls.com
Lowe's,lowes.com
Macy's,macys.com
Newegg,newegg.com
Nike,nike.com
Nordstrom,nordstrom.com
Old Navy,oldnavy.com
Overstock,overstock.com
Pier 1,pier1.com
REI,rei.com
Saks Fifth Avenue,saksfifthavenue.com
Sephora,sephora.com
Target,target.com
Urban Outfitters,urbanoutfitters.com
Walgreens,walgreens.com
Walmart,walmart.com
Wayfair,wayfair.com
Zappos,zappos.com
Zara,zara.com